category_id,name,description
0,Self Improvement,Worry student nice finally all full artist.
1,Fantasy,In never tough economy ok put.
2,Adventure,Argue everyone product project blue.
3,Biography,Head line section option wait usually.
4,History,Manager financial move point event drop.
5,Mystery-Horror,Evidence third seek indicate drop along bit apply.
6,Poetry,That single stay guy.
7,Romance,Foot doctor heavy whether ball interview.
8,Science Fiction,Piece like follow mention effect probably.
9,Religion,Effect successful perhaps result debate prepare.
10,Children Book,Series provide increase film.
11,Drama,Even father through station benefit develop.
12,international,Art kind skill as trip describe with vote.
13,source,Player recognize she place plan firm.
14,field,Pressure hand leave economic arm.
